<?xml version="1.0" encoding="utf-8" ?>
<dwsync>
<file name=".DS_Store" server="ftp.jellythemes.com/web/test/solido/" local="130298812860000000" remote="130310605800000000" Dst="1" />
<file name="01.jpg" server="ftp.jellythemes.com/web/test/solido/" local="130298812240000000" remote="130310605800000000" Dst="1" />
<file name="01_b.jpg" server="ftp.jellythemes.com/web/test/solido/" local="130298812620000000" remote="130310605800000000" Dst="1" />
<file name="02.jpg" server="ftp.jellythemes.com/web/test/solido/" local="130298812240000000" remote="130310605800000000" Dst="1" />
<file name="02_b.jpg" server="ftp.jellythemes.com/web/test/solido/" local="130298812620000000" remote="130310605800000000" Dst="1" />
<file name="03.jpg" server="ftp.jellythemes.com/web/test/solido/" local="130298812240000000" remote="130310605800000000" Dst="1" />
<file name="pattern.jpg" server="ftp.jellythemes.com/web/test/solido/" local="130299379860000000" remote="130310605800000000" Dst="1" />
<file name="04.jpg" server="ftp.jellythemes.com/web/test/solido/" local="130298812240000000" remote="130310605800000000" Dst="1" />
</dwsync>