<?xml version="1.0" encoding="utf-8" ?>
<dwsync>
<file name="01.png" server="ftp.jellythemes.com/web/test/solido/" local="130298800320000000" remote="130310605200000000" Dst="1" />
<file name="02.png" server="ftp.jellythemes.com/web/test/solido/" local="130298800340000000" remote="130310605200000000" Dst="1" />
<file name="03.png" server="ftp.jellythemes.com/web/test/solido/" local="130298800340000000" remote="130310605200000000" Dst="1" />
<file name="04.png" server="ftp.jellythemes.com/web/test/solido/" local="130298800360000000" remote="130310605200000000" Dst="1" />
<file name="05.png" server="ftp.jellythemes.com/web/test/solido/" local="130298800360000000" remote="130310605200000000" Dst="1" />
<file name="06.png" server="ftp.jellythemes.com/web/test/solido/" local="130298800360000000" remote="130310605200000000" Dst="1" />
<file name="07.png" server="ftp.jellythemes.com/web/test/solido/" local="130298800360000000" remote="130310605200000000" Dst="1" />
<file name="08.png" server="ftp.jellythemes.com/web/test/solido/" local="130298800380000000" remote="130310605200000000" Dst="1" />
<file name="09.png" server="ftp.jellythemes.com/web/test/solido/" local="130298800380000000" remote="130310605200000000" Dst="1" />
<file name="10.png" server="ftp.jellythemes.com/web/test/solido/" local="130298800380000000" remote="130310605200000000" Dst="1" />
<file name="11.png" server="ftp.jellythemes.com/web/test/solido/" local="130298800400000000" remote="130310605200000000" Dst="1" />
<file name="12.png" server="ftp.jellythemes.com/web/test/solido/" local="130298800400000000" remote="130310605200000000" Dst="1" />
<file name="13.png" server="ftp.jellythemes.com/web/test/solido/" local="130298800400000000" remote="130310605200000000" Dst="1" />
<file name="14.png" server="ftp.jellythemes.com/web/test/solido/" local="130298800420000000" remote="130310605200000000" Dst="1" />
<file name="15.png" server="ftp.jellythemes.com/web/test/solido/" local="130298800420000000" remote="130310605200000000" Dst="1" />
</dwsync>