<?xml version="1.0" encoding="utf-8" ?>
<dwsync>
<file name="black.css" server="ftp.jellythemes.com/web/test/solido/" local="130298800080000000" remote="130310605200000000" Dst="1" />
<file name="blue.css" server="ftp.jellythemes.com/web/test/solido/" local="130298800080000000" remote="130310605200000000" Dst="1" />
<file name="dark.css" server="ftp.jellythemes.com/web/test/solido/" local="130298800080000000" remote="130310605200000000" Dst="1" />
<file name="green.css" server="ftp.jellythemes.com/web/test/solido/" local="130298800100000000" remote="130310605200000000" Dst="1" />
<file name="orange.css" server="ftp.jellythemes.com/web/test/solido/" local="130298800240000000" remote="130310605200000000" Dst="1" />
<file name="purple.css" server="ftp.jellythemes.com/web/test/solido/" local="130298800240000000" remote="130310605200000000" Dst="1" />
<file name="red.css" server="ftp.jellythemes.com/web/test/solido/" local="130298800240000000" remote="130310605200000000" Dst="1" />
<file name="turquoise.css" server="ftp.jellythemes.com/web/test/solido/" local="130298800260000000" remote="130310605200000000" Dst="1" />
<file name="yellow.css" server="ftp.jellythemes.com/web/test/solido/" local="130298800260000000" remote="130310605200000000" Dst="1" />
</dwsync>