<?xml version="1.0" encoding="utf-8" ?>
<dwsync>
<file name="c-arrows-dark.png" server="ftp.jellythemes.com/web/test/solido/" local="130298800100000000" remote="130310605200000000" Dst="1" />
<file name="color-icons.png" server="ftp.jellythemes.com/web/test/solido/" local="130298800120000000" remote="130310605200000000" Dst="1" />
<file name="f-next-dark.png" server="ftp.jellythemes.com/web/test/solido/" local="130298800120000000" remote="130310605200000000" Dst="1" />
<file name="f-prev-dark.png" server="ftp.jellythemes.com/web/test/solido/" local="130298800120000000" remote="130310605200000000" Dst="1" />
<file name="fact-01-dark.png" server="ftp.jellythemes.com/web/test/solido/" local="130298800140000000" remote="130310605200000000" Dst="1" />
<file name="fact-02-dark.png" server="ftp.jellythemes.com/web/test/solido/" local="130298800140000000" remote="130310605200000000" Dst="1" />
<file name="fact-03-dark.png" server="ftp.jellythemes.com/web/test/solido/" local="130298800160000000" remote="130310605200000000" Dst="1" />
<file name="fact-04-dark.png" server="ftp.jellythemes.com/web/test/solido/" local="130298800180000000" remote="130310605200000000" Dst="1" />
<file name="facts-dark.png" server="ftp.jellythemes.com/web/test/solido/" local="130298800180000000" remote="130310605200000000" Dst="1" />
<file name="menu-icon-wht.png" server="ftp.jellythemes.com/web/test/solido/" local="130298800200000000" remote="130310605200000000" Dst="1" />
<file name="play-ico-dark.png" server="ftp.jellythemes.com/web/test/solido/" local="130298800200000000" remote="130310605200000000" Dst="1" />
<file name="s-next-dark.png" server="ftp.jellythemes.com/web/test/solido/" local="130298800200000000" remote="130310605200000000" Dst="1" />
<file name="s-prev-dark.png" server="ftp.jellythemes.com/web/test/solido/" local="130298800220000000" remote="130310605200000000" Dst="1" />
<file name="sl-icons-dark.png" server="ftp.jellythemes.com/web/test/solido/" local="130298800220000000" remote="130310605200000000" Dst="1" />
</dwsync>