<?xml version="1.0" encoding="utf-8" ?>
<dwsync>
<file name=".DS_Store" server="ftp.jellythemes.com/web/test/solido/" local="130299468240000000" remote="130310605800000000" Dst="1" />
<file name="work-01a.jpg" server="ftp.jellythemes.com/web/test/solido/" local="130298813880000000" remote="130310605800000000" Dst="1" />
<file name="work-01b.jpg" server="ftp.jellythemes.com/web/test/solido/" local="130298813880000000" remote="130310605800000000" Dst="1" />
<file name="work-01c.jpg" server="ftp.jellythemes.com/web/test/solido/" local="130298813880000000" remote="130310605800000000" Dst="1" />
<file name="work-02a.jpg" server="ftp.jellythemes.com/web/test/solido/" local="130298814380000000" remote="130310605800000000" Dst="1" />
<file name="work-02b.jpg" server="ftp.jellythemes.com/web/test/solido/" local="130298814380000000" remote="130310605800000000" Dst="1" />
<file name="work-02c.jpg" server="ftp.jellythemes.com/web/test/solido/" local="130298814380000000" remote="130310605800000000" Dst="1" />
<file name="work-03a.jpg" server="ftp.jellythemes.com/web/test/solido/" local="130298814720000000" remote="130310605800000000" Dst="1" />
<file name="work-03b.jpg" server="ftp.jellythemes.com/web/test/solido/" local="130298814720000000" remote="130310605800000000" Dst="1" />
<file name="work-03c.jpg" server="ftp.jellythemes.com/web/test/solido/" local="130298814720000000" remote="130310605800000000" Dst="1" />
</dwsync>