<?xml version="1.0" encoding="utf-8" ?>
<dwsync>
<file name=".DS_Store" server="ftp.jellythemes.com/web/test/solido/" local="130298809480000000" remote="130310605200000000" Dst="1" />
<file name="logo-01.png" server="ftp.jellythemes.com/web/test/solido/" local="130298801220000000" remote="130310605200000000" Dst="1" />
<file name="logo-02.png" server="ftp.jellythemes.com/web/test/solido/" local="130298801220000000" remote="130310605200000000" Dst="1" />
<file name="logo-03.png" server="ftp.jellythemes.com/web/test/solido/" local="130298801220000000" remote="130310605800000000" Dst="1" />
<file name="logo-04.png" server="ftp.jellythemes.com/web/test/solido/" local="130298801220000000" remote="130310605800000000" Dst="1" />
<file name="logo-05.png" server="ftp.jellythemes.com/web/test/solido/" local="130298801220000000" remote="130310605800000000" Dst="1" />
<file name="logo-06.png" server="ftp.jellythemes.com/web/test/solido/" local="130298801220000000" remote="130310605800000000" Dst="1" />
<file name="logo-07.png" server="ftp.jellythemes.com/web/test/solido/" local="130298801220000000" remote="130310605800000000" Dst="1" />
</dwsync>