<?xml version="1.0" encoding="utf-8" ?>
<dwsync>
<file name=".DS_Store" server="ftp.jellythemes.com/web/test/solido/" local="130306265820000000" remote="130310605800000000" Dst="1" />
<file name="jquery.hoverdir.js" server="ftp.jellythemes.com/web/test/solido/" local="130298802420000000" remote="130310606400000000" Dst="1" />
<file name="jquery.carouFredSel-6.2.1-packed.js" server="ftp.jellythemes.com/web/test/solido/" local="130298802400000000" remote="130310606400000000" Dst="1" />
<file name="jquery.inview.js" server="ftp.jellythemes.com/web/test/solido/" local="130298802420000000" remote="130310606400000000" Dst="1" />
<file name="jquery.carouFredSel-6.2.1.js" server="ftp.jellythemes.com/web/test/solido/" local="130298802420000000" remote="130310606400000000" Dst="1" />
<file name="jquery.isotope.min.js" server="ftp.jellythemes.com/web/test/solido/" local="130298802420000000" remote="130310606400000000" Dst="1" />
<file name="jquery.nav.js" server="ftp.jellythemes.com/web/test/solido/" local="130298802420000000" remote="130310606400000000" Dst="1" />
<file name="jquery.smoothwheel.js" server="ftp.jellythemes.com/web/test/solido/" local="130298802440000000" remote="130310606400000000" Dst="1" />
<file name="jquery.sticky.js" server="ftp.jellythemes.com/web/test/solido/" local="130298802460000000" remote="130310606400000000" Dst="1" />
<file name="main.js" server="ftp.jellythemes.com/web/test/solido/" local="130310620482949000" remote="130310620200000000" Dst="1" />
<file name="plugins.js" server="ftp.jellythemes.com/web/test/solido/" local="130299373620000000" remote="130310606400000000" Dst="1" />
<file name="portfolio.js" server="ftp.jellythemes.com/web/test/solido/" local="130298802640000000" remote="130310606400000000" Dst="1" />
<file name="test.js" server="ftp.jellythemes.com/web/test/solido/" local="130310818189305000" remote="130310818200000000" Dst="1" />
<file name="jquery.validate.js" server="ftp.jellythemes.com/web/test/solido/" local="130084356160000000" remote="130310793000000000" Dst="1" />
<file name="jquery.form.js" server="ftp.jellythemes.com/web/test/solido/" local="130084356160000000" remote="130310808000000000" Dst="1" />
</dwsync>