<?xml version="1.0" encoding="utf-8" ?>
<dwsync>
<file name="crossdomain.md" server="ftp.jellythemes.com/web/test/solido/" local="130298800440000000" remote="130310605200000000" Dst="1" />
<file name="css.md" server="ftp.jellythemes.com/web/test/solido/" local="130298800440000000" remote="130310605200000000" Dst="1" />
<file name="extend.md" server="ftp.jellythemes.com/web/test/solido/" local="130298800460000000" remote="130310605200000000" Dst="1" />
<file name="faq.md" server="ftp.jellythemes.com/web/test/solido/" local="130298800480000000" remote="130310605200000000" Dst="1" />
<file name="html.md" server="ftp.jellythemes.com/web/test/solido/" local="130298800500000000" remote="130310605200000000" Dst="1" />
<file name="js.md" server="ftp.jellythemes.com/web/test/solido/" local="130298800500000000" remote="130310605200000000" Dst="1" />
<file name="misc.md" server="ftp.jellythemes.com/web/test/solido/" local="130298800500000000" remote="130310605200000000" Dst="1" />
<file name="TOC.md" server="ftp.jellythemes.com/web/test/solido/" local="130298800520000000" remote="130310605200000000" Dst="1" />
<file name="usage.md" server="ftp.jellythemes.com/web/test/solido/" local="130298800520000000" remote="130310605200000000" Dst="1" />
</dwsync>