<?xml version="1.0" encoding="utf-8" ?>
<dwsync>
<file name=".DS_Store" server="ftp.jellythemes.com/web/test/solido/" local="130298812020000000" remote="130310605800000000" Dst="1" />
<file name="thumb-01.jpg" server="ftp.jellythemes.com/web/test/solido/" local="130298811140000000" remote="130310605800000000" Dst="1" />
<file name="thumb-02.jpg" server="ftp.jellythemes.com/web/test/solido/" local="130298811140000000" remote="130310605800000000" Dst="1" />
<file name="thumb-03.jpg" server="ftp.jellythemes.com/web/test/solido/" local="130298811140000000" remote="130310605800000000" Dst="1" />
<file name="thumb-04.jpg" server="ftp.jellythemes.com/web/test/solido/" local="130298811140000000" remote="130310605800000000" Dst="1" />
<file name="thumb-05.jpg" server="ftp.jellythemes.com/web/test/solido/" local="130298811140000000" remote="130310605800000000" Dst="1" />
<file name="thumb-06.jpg" server="ftp.jellythemes.com/web/test/solido/" local="130298811140000000" remote="130310605800000000" Dst="1" />
<file name="thumb-07.jpg" server="ftp.jellythemes.com/web/test/solido/" local="130298811140000000" remote="130310605800000000" Dst="1" />
<file name="thumb-08.jpg" server="ftp.jellythemes.com/web/test/solido/" local="130298811140000000" remote="130310605800000000" Dst="1" />
<file name="thumb-09.jpg" server="ftp.jellythemes.com/web/test/solido/" local="130298811140000000" remote="130310605800000000" Dst="1" />
<file name="thumb-10.jpg" server="ftp.jellythemes.com/web/test/solido/" local="130298811140000000" remote="130310605800000000" Dst="1" />
</dwsync>