<?xml version="1.0" encoding="utf-8" ?>
<dwsync>
<file name=".jshintrc" server="ftp.medusateam.com/web/proyectos/test/solido1/" local="130179134760000000" remote="130364981400000000" Dst="1" />
<file name="core.js" server="ftp.medusateam.com/web/proyectos/test/solido1/" local="130179134760000000" remote="130364981400000000" Dst="1" />
<file name="core_outro.js" server="ftp.medusateam.com/web/proyectos/test/solido1/" local="130179134760000000" remote="130364981400000000" Dst="1" />
<file name="core_prototype.js" server="ftp.medusateam.com/web/proyectos/test/solido1/" local="130179134760000000" remote="130364981400000000" Dst="1" />
<file name="css.js" server="ftp.medusateam.com/web/proyectos/test/solido1/" local="130179134760000000" remote="130364981400000000" Dst="1" />
<file name="fx.js" server="ftp.medusateam.com/web/proyectos/test/solido1/" local="130179134760000000" remote="130364981400000000" Dst="1" />
<file name="image.js" server="ftp.medusateam.com/web/proyectos/test/solido1/" local="130179134760000000" remote="130364981400000000" Dst="1" />
<file name="intro.js" server="ftp.medusateam.com/web/proyectos/test/solido1/" local="130179134760000000" remote="130364981400000000" Dst="1" />
<file name="outro.js" server="ftp.medusateam.com/web/proyectos/test/solido1/" local="130179134760000000" remote="130364981400000000" Dst="1" />
<file name="pagination.js" server="ftp.medusateam.com/web/proyectos/test/solido1/" local="130179134760000000" remote="130364981400000000" Dst="1" />
<file name="plugin.js" server="ftp.medusateam.com/web/proyectos/test/solido1/" local="130179134760000000" remote="130364981400000000" Dst="1" />
<file name="setup.js" server="ftp.medusateam.com/web/proyectos/test/solido1/" local="130179134760000000" remote="130364981400000000" Dst="1" />
</dwsync>